file_names,satellite,year,month,total_rows,missing_values
1986/g05_xrs_1m_19860101_19860131.csv,goes05,1986,1,44640,617
1986/g05_xrs_1m_19860201_19860228.csv,goes05,1986,2,40320,203
1986/g05_xrs_1m_19860301_19860331.csv,goes05,1986,3,44640,2686
1986/g05_xrs_1m_19860401_19860430.csv,goes05,1986,4,43200,3646
1986/g05_xrs_1m_19860501_19860531.csv,goes05,1986,5,44640,517
1986/g05_xrs_1m_19860601_19860630.csv,goes05,1986,6,43200,324
1986/g05_xrs_1m_19860701_19860731.csv,goes05,1986,7,44640,1597
1986/g05_xrs_1m_19860801_19860831.csv,goes05,1986,8,44640,1344
1986/g05_xrs_1m_19860901_19860930.csv,goes05,1986,9,43200,2955
1986/g05_xrs_1m_19861001_19861031.csv,goes05,1986,10,44640,1646
1986/g05_xrs_1m_19861101_19861130.csv,goes05,1986,11,43200,148
1986/g05_xrs_1m_19861201_19861231.csv,goes05,1986,12,44640,141
1987/g06_xrs_1m_19870101_19870131.csv,goes06,1987,1,44640,673
1987/g06_xrs_1m_19870201_19870228.csv,goes06,1987,2,40320,929
1987/g06_xrs_1m_19870301_19870331.csv,goes06,1987,3,44640,3081
1987/g07_xrs_1m_19870401_19870430.csv,goes07,1987,4,43200,1364
1987/g07_xrs_1m_19870501_19870531.csv,goes07,1987,5,44640,343
1987/g07_xrs_1m_19870601_19870630.csv,goes07,1987,6,43200,82
1987/g07_xrs_1m_19870701_19870731.csv,goes07,1987,7,44640,156
1987/g07_xrs_1m_19870801_19870831.csv,goes07,1987,8,44640,137
1987/g06_xrs_1m_19870901_19870930.csv,goes06,1987,9,43200,2609
1987/g07_xrs_1m_19871001_19871031.csv,goes07,1987,10,44640,1372
1987/g07_xrs_1m_19871101_19871130.csv,goes07,1987,11,43200,59
1987/g07_xrs_1m_19871201_19871231.csv,goes07,1987,12,44640,91
1988/g07_xrs_1m_19880101_19880131.csv,goes07,1988,1,44640,51
1988/g07_xrs_1m_19880201_19880229.csv,goes07,1988,2,41760,518
1988/g07_xrs_1m_19880301_19880331.csv,goes07,1988,3,44640,2827
1988/g06_xrs_1m_19880401_19880430.csv,goes06,1988,4,43200,901
1988/g07_xrs_1m_19880501_19880531.csv,goes07,1988,5,44640,50
1988/g07_xrs_1m_19880601_19880630.csv,goes07,1988,6,43200,209
1988/g07_xrs_1m_19880701_19880731.csv,goes07,1988,7,44640,338
1988/g07_xrs_1m_19880801_19880831.csv,goes07,1988,8,44640,187
1988/g07_xrs_1m_19880901_19880930.csv,goes07,1988,9,43200,2534
1988/g07_xrs_1m_19881001_19881031.csv,goes07,1988,10,44640,1123
1988/g07_xrs_1m_19881101_19881130.csv,goes07,1988,11,43200,32
1988/g07_xrs_1m_19881201_19881231.csv,goes07,1988,12,44640,73
1989/g07_xrs_1m_19890101_19890131.csv,goes07,1989,1,44640,561
1989/g07_xrs_1m_19890201_19890228.csv,goes07,1989,2,40320,326
1989/g07_xrs_1m_19890301_19890331.csv,goes07,1989,3,44640,2798
1989/g06_xrs_1m_19890401_19890430.csv,goes06,1989,4,43200,584
1989/g07_xrs_1m_19890501_19890531.csv,goes07,1989,5,44640,49
1989/g07_xrs_1m_19890601_19890630.csv,goes07,1989,6,43200,34
1989/g07_xrs_1m_19890701_19890731.csv,goes07,1989,7,44640,112
1989/g07_xrs_1m_19890801_19890831.csv,goes07,1989,8,44640,192
1989/g07_xrs_1m_19890901_19890930.csv,goes07,1989,9,43200,2605
1989/g07_xrs_1m_19891001_19891031.csv,goes07,1989,10,44640,1374
1989/g07_xrs_1m_19891101_19891130.csv,goes07,1989,11,43200,57
1989/g07_xrs_1m_19891201_19891231.csv,goes07,1989,12,44640,67
1990/g07_xrs_1m_19900101_19900131.csv,goes07,1990,1,44640,325
1990/g07_xrs_1m_19900201_19900228.csv,goes07,1990,2,40320,401
1990/g07_xrs_1m_19900301_19900331.csv,goes07,1990,3,44640,2733
1990/g06_xrs_1m_19900401_19900430.csv,goes06,1990,4,43200,472
1990/g07_xrs_1m_19900501_19900531.csv,goes07,1990,5,44640,742
1990/g07_xrs_1m_19900601_19900630.csv,goes07,1990,6,43200,72
1990/g07_xrs_1m_19900701_19900731.csv,goes07,1990,7,44640,344
1990/g07_xrs_1m_19900801_19900831.csv,goes07,1990,8,44640,63
1990/g07_xrs_1m_19900901_19900930.csv,goes07,1990,9,43200,2400
1990/g07_xrs_1m_19901001_19901031.csv,goes07,1990,10,44640,1325
1990/g07_xrs_1m_19901101_19901130.csv,goes07,1990,11,43200,28
1990/g07_xrs_1m_19901201_19901231.csv,goes07,1990,12,44640,193
1991/g07_xrs_1m_19910101_19910131.csv,goes07,1991,1,44640,368
1991/g07_xrs_1m_19910201_19910228.csv,goes07,1991,2,40320,471
1991/g07_xrs_1m_19910301_19910331.csv,goes07,1991,3,44640,2735
1991/g06_xrs_1m_19910401_19910430.csv,goes06,1991,4,43200,427
1991/g06_xrs_1m_19910501_19910531.csv,goes06,1991,5,44640,69
1991/g07_xrs_1m_19910601_19910630.csv,goes07,1991,6,43200,28
1991/g07_xrs_1m_19910701_19910731.csv,goes07,1991,7,44640,551
1991/g07_xrs_1m_19910801_19910831.csv,goes07,1991,8,44640,56
1991/g07_xrs_1m_19910901_19910930.csv,goes07,1991,9,43200,2322
1991/g06_xrs_1m_19911001_19911031.csv,goes06,1991,10,44640,558
1991/g07_xrs_1m_19911101_19911130.csv,goes07,1991,11,43200,38
1991/g07_xrs_1m_19911201_19911231.csv,goes07,1991,12,44640,35
1992/g06_xrs_1m_19920101_19920131.csv,goes06,1992,1,44640,83
1992/g07_xrs_1m_19920201_19920229.csv,goes07,1992,2,41760,410
1992/g07_xrs_1m_19920301_19920331.csv,goes07,1992,3,44640,2648
1992/g06_xrs_1m_19920401_19920430.csv,goes06,1992,4,43200,149
1992/g07_xrs_1m_19920501_19920531.csv,goes07,1992,5,44640,101
1992/g07_xrs_1m_19920601_19920630.csv,goes07,1992,6,43200,80
1992/g07_xrs_1m_19920701_19920731.csv,goes07,1992,7,44640,35
1992/g07_xrs_1m_19920801_19920831.csv,goes07,1992,8,44640,124
1992/g07_xrs_1m_19920901_19920930.csv,goes07,1992,9,43200,2454
1992/g06_xrs_1m_19921001_19921031.csv,goes06,1992,10,44640,402
1992/g07_xrs_1m_19921101_19921130.csv,goes07,1992,11,43200,40
1992/g07_xrs_1m_19921201_19921231.csv,goes07,1992,12,44640,47
1993/g07_xrs_1m_19930101_19930131.csv,goes07,1993,1,44640,310
1993/g07_xrs_1m_19930201_19930228.csv,goes07,1993,2,40320,357
1993/g07_xrs_1m_19930301_19930331.csv,goes07,1993,3,44640,455
1993/g07_xrs_1m_19930401_19930430.csv,goes07,1993,4,43200,40
1993/g06_xrs_1m_19930501_19930531.csv,goes06,1993,5,44640,238
1993/g06_xrs_1m_19930601_19930630.csv,goes06,1993,6,43200,252
1993/g07_xrs_1m_19930701_19930731.csv,goes07,1993,7,44640,139
1993/g07_xrs_1m_19930801_19930831.csv,goes07,1993,8,44640,151
1993/g07_xrs_1m_19930901_19930930.csv,goes07,1993,9,43200,2011
1993/g07_xrs_1m_19931001_19931031.csv,goes07,1993,10,44640,645
1993/g06_xrs_1m_19931101_19931130.csv,goes06,1993,11,43200,321
1993/g07_xrs_1m_19931201_19931231.csv,goes07,1993,12,44640,187
1994/g07_xrs_1m_19940101_19940131.csv,goes07,1994,1,44640,50
1994/g07_xrs_1m_19940201_19940228.csv,goes07,1994,2,40320,365
1994/g07_xrs_1m_19940301_19940331.csv,goes07,1994,3,44640,2414
1994/g07_xrs_1m_19940401_19940430.csv,goes07,1994,4,43200,467
1994/g07_xrs_1m_19940501_19940531.csv,goes07,1994,5,44640,149
1994/g07_xrs_1m_19940601_19940630.csv,goes07,1994,6,43200,552
1994/g07_xrs_1m_19940701_19940731.csv,goes07,1994,7,44640,772
1994/g07_xrs_1m_19940801_19940831.csv,goes07,1994,8,44640,334
1994/g07_xrs_1m_19940901_19940930.csv,goes07,1994,9,43200,2076
1994/g07_xrs_1m_19941001_19941031.csv,goes07,1994,10,44640,1220
1994/g07_xrs_1m_19941101_19941130.csv,goes07,1994,11,43200,431
1994/g07_xrs_1m_19941201_19941231.csv,goes07,1994,12,44640,105
1995/g07_xrs_1m_19950101_19950131.csv,goes07,1995,1,44640,50
1995/g08_xrs_1m_19950201_19950228.csv,goes08,1995,2,40320,52
1995/g08_xrs_1m_19950301_19950331.csv,goes08,1995,3,44640,1955
1995/g07_xrs_1m_19950401_19950430.csv,goes07,1995,4,43200,349
1995/g08_xrs_1m_19950501_19950531.csv,goes08,1995,5,44640,56
1995/g07_xrs_1m_19950601_19950630.csv,goes07,1995,6,43200,1759
1995/g08_xrs_1m_19950701_19950731.csv,goes08,1995,7,44640,1599
1995/g08_xrs_1m_19950801_19950831.csv,goes08,1995,8,44640,262
1995/g08_xrs_1m_19950901_19950930.csv,goes08,1995,9,43200,1872
1995/g08_xrs_1m_19951001_19951031.csv,goes08,1995,10,44640,813
1995/g07_xrs_1m_19951101_19951130.csv,goes07,1995,11,43200,405
1995/g07_xrs_1m_19951201_19951231.csv,goes07,1995,12,44640,149
1996/g08_xrs_1m_19960101_19960131.csv,goes08,1996,1,44640,377
1996/g08_xrs_1m_19960201_19960229.csv,goes08,1996,2,41760,326
1996/g07_xrs_1m_19960301_19960331.csv,goes07,1996,3,44640,2065
1996/g08_xrs_1m_19960401_19960430.csv,goes08,1996,4,43200,796
1996/g09_xrs_1m_19960501_19960531.csv,goes09,1996,5,44640,250
1996/g08_xrs_1m_19960601_19960630.csv,goes08,1996,6,43200,73
1996/g09_xrs_1m_19960701_19960731.csv,goes09,1996,7,44640,229
1996/g08_xrs_1m_19960801_19960831.csv,goes08,1996,8,44640,328
1996/g09_xrs_1m_19960901_19960930.csv,goes09,1996,9,43200,2129
1996/g08_xrs_1m_19961001_19961031.csv,goes08,1996,10,44640,823
1996/g08_xrs_1m_19961101_19961130.csv,goes08,1996,11,43200,266
1996/g09_xrs_1m_19961201_19961231.csv,goes09,1996,12,44640,74
1997/g09_xrs_1m_19970101_19970131.csv,goes09,1997,1,44640,188
1997/g09_xrs_1m_19970201_19970228.csv,goes09,1997,2,40320,472
1997/g09_xrs_1m_19970301_19970331.csv,goes09,1997,3,44640,2036
1997/g08_xrs_1m_19970401_19970430.csv,goes08,1997,4,43200,972
1997/g09_xrs_1m_19970501_19970531.csv,goes09,1997,5,44640,1590
1997/g08_xrs_1m_19970601_19970630.csv,goes08,1997,6,43200,853
1997/g09_xrs_1m_19970701_19970731.csv,goes09,1997,7,44640,31
1997/g08_xrs_1m_19970801_19970831.csv,goes08,1997,8,44640,90
1997/g08_xrs_1m_19970901_19970930.csv,goes08,1997,9,43200,1961
1997/g09_xrs_1m_19971001_19971031.csv,goes09,1997,10,44640,1419
1997/g09_xrs_1m_19971101_19971130.csv,goes09,1997,11,43200,21
1997/g09_xrs_1m_19971201_19971231.csv,goes09,1997,12,44640,36
1998/g08_xrs_1m_19980101_19980131.csv,goes08,1998,1,44640,67
1998/g08_xrs_1m_19980201_19980228.csv,goes08,1998,2,40320,366
1998/g09_xrs_1m_19980301_19980331.csv,goes09,1998,3,44640,2071
1998/g08_xrs_1m_19980401_19980430.csv,goes08,1998,4,43200,642
1998/g09_xrs_1m_19980501_19980531.csv,goes09,1998,5,44640,51
1998/g08_xrs_1m_19980601_19980630.csv,goes08,1998,6,43200,29
1998/g08_xrs_1m_19980701_19980731.csv,goes08,1998,7,44640,26
1998/g10_xrs_1m_19980801_19980831.csv,goes10,1998,8,44640,143
1998/g08_xrs_1m_19980901_19980930.csv,goes08,1998,9,43200,1902
1998/g08_xrs_1m_19981001_19981031.csv,goes08,1998,10,44640,1371
1998/g08_xrs_1m_19981101_19981130.csv,goes08,1998,11,43200,22
1998/g10_xrs_1m_19981201_19981231.csv,goes10,1998,12,44640,30
1999/g10_xrs_1m_19990101_19990131.csv,goes10,1999,1,44640,197
1999/g10_xrs_1m_19990201_19990228.csv,goes10,1999,2,40320,128
1999/g08_xrs_1m_19990301_19990331.csv,goes08,1999,3,44640,2182
1999/g08_xrs_1m_19990401_19990430.csv,goes08,1999,4,43200,1045
1999/g08_xrs_1m_19990501_19990531.csv,goes08,1999,5,44640,154
1999/g08_xrs_1m_19990601_19990630.csv,goes08,1999,6,43200,85
1999/g08_xrs_1m_19990701_19990731.csv,goes08,1999,7,44640,184
1999/g08_xrs_1m_19990801_19990831.csv,goes08,1999,8,44640,146
1999/g08_xrs_1m_19990901_19990930.csv,goes08,1999,9,43200,1903
1999/g10_xrs_1m_19991001_19991031.csv,goes10,1999,10,44640,979
1999/g08_xrs_1m_19991101_19991130.csv,goes08,1999,11,43200,18
1999/g08_xrs_1m_19991201_19991231.csv,goes08,1999,12,44640,41
2000/g10_xrs_1m_20000101_20000131.csv,goes10,2000,1,44640,198
2000/g10_xrs_1m_20000201_20000229.csv,goes10,2000,2,41760,175
2000/g08_xrs_1m_20000301_20000331.csv,goes08,2000,3,44640,2070
2000/g08_xrs_1m_20000401_20000430.csv,goes08,2000,4,43200,583
2000/g10_xrs_1m_20000501_20000531.csv,goes10,2000,5,44640,45
2000/g08_xrs_1m_20000601_20000630.csv,goes08,2000,6,43200,44
2000/g08_xrs_1m_20000701_20000731.csv,goes08,2000,7,44640,77
2000/g10_xrs_1m_20000801_20000831.csv,goes10,2000,8,44640,238
2000/g10_xrs_1m_20000901_20000930.csv,goes10,2000,9,43200,2135
2000/g08_xrs_1m_20001001_20001031.csv,goes08,2000,10,44640,972
2000/g08_xrs_1m_20001101_20001130.csv,goes08,2000,11,43200,39
2000/g10_xrs_1m_20001201_20001231.csv,goes10,2000,12,44640,31
2001/g10_xrs_1m_20010101_20010131.csv,goes10,2001,1,44640,152
2001/g10_xrs_1m_20010201_20010228.csv,goes10,2001,2,40320,234
2001/g08_xrs_1m_20010301_20010331.csv,goes08,2001,3,44640,2040
2001/g10_xrs_1m_20010401_20010430.csv,goes10,2001,4,43200,578
2001/g08_xrs_1m_20010501_20010531.csv,goes08,2001,5,44640,136
2001/g08_xrs_1m_20010601_20010630.csv,goes08,2001,6,43200,223
2001/g10_xrs_1m_20010701_20010731.csv,goes10,2001,7,44640,157
2001/g10_xrs_1m_20010801_20010831.csv,goes10,2001,8,44640,130
2001/g08_xrs_1m_20010901_20010930.csv,goes08,2001,9,43200,1922
2001/g10_xrs_1m_20011001_20011031.csv,goes10,2001,10,44640,1131
2001/g08_xrs_1m_20011101_20011130.csv,goes08,2001,11,43200,28
2001/g10_xrs_1m_20011201_20011231.csv,goes10,2001,12,44640,54
2002/g10_xrs_1m_20020101_20020131.csv,goes10,2002,1,44640,150
2002/g10_xrs_1m_20020201_20020228.csv,goes10,2002,2,40320,138
2002/g08_xrs_1m_20020301_20020331.csv,goes08,2002,3,44640,2071
2002/g10_xrs_1m_20020401_20020430.csv,goes10,2002,4,43200,681
2002/g10_xrs_1m_20020501_20020531.csv,goes10,2002,5,44640,37
2002/g08_xrs_1m_20020601_20020630.csv,goes08,2002,6,43200,94
2002/g10_xrs_1m_20020701_20020731.csv,goes10,2002,7,44640,147
2002/g08_xrs_1m_20020801_20020831.csv,goes08,2002,8,44640,124
2002/g08_xrs_1m_20020901_20020930.csv,goes08,2002,9,43200,1935
2002/g10_xrs_1m_20021001_20021031.csv,goes10,2002,10,44640,958
2002/g08_xrs_1m_20021101_20021130.csv,goes08,2002,11,43200,28
2002/g10_xrs_1m_20021201_20021231.csv,goes10,2002,12,44640,27
2003/g10_xrs_1m_20030101_20030131.csv,goes10,2003,1,44640,85
2003/g12_xrs_1m_20030201_20030228.csv,goes12,2003,2,40320,70
2003/g12_xrs_1m_20030301_20030331.csv,goes12,2003,3,44640,2163
2003/g10_xrs_1m_20030401_20030430.csv,goes10,2003,4,43200,1938
2003/g12_xrs_1m_20030501_20030531.csv,goes12,2003,5,44640,94
2003/g12_xrs_1m_20030601_20030630.csv,goes12,2003,6,43200,1623
2003/g10_xrs_1m_20030701_20030731.csv,goes10,2003,7,44640,36
2003/g10_xrs_1m_20030801_20030831.csv,goes10,2003,8,44640,156
2003/g12_xrs_1m_20030901_20030930.csv,goes12,2003,9,43200,2102
2003/g12_xrs_1m_20031001_20031031.csv,goes12,2003,10,44640,957
2003/g10_xrs_1m_20031101_20031130.csv,goes10,2003,11,43200,41
2003/g12_xrs_1m_20031201_20031231.csv,goes12,2003,12,44640,291
2004/g12_xrs_1m_20040101_20040131.csv,goes12,2004,1,44640,24
2004/g12_xrs_1m_20040201_20040229.csv,goes12,2004,2,41760,230
2004/g12_xrs_1m_20040301_20040331.csv,goes12,2004,3,44640,2184
2004/g10_xrs_1m_20040401_20040430.csv,goes10,2004,4,43200,550
2004/g12_xrs_1m_20040501_20040531.csv,goes12,2004,5,44640,24
2004/g12_xrs_1m_20040601_20040630.csv,goes12,2004,6,43200,31
2004/g10_xrs_1m_20040701_20040731.csv,goes10,2004,7,44640,42
2004/g10_xrs_1m_20040801_20040831.csv,goes10,2004,8,44640,131
2004/g12_xrs_1m_20040901_20040930.csv,goes12,2004,9,43200,2309
2004/g12_xrs_1m_20041001_20041031.csv,goes12,2004,10,44640,833
2004/g12_xrs_1m_20041101_20041130.csv,goes12,2004,11,43200,170
2004/g10_xrs_1m_20041201_20041231.csv,goes10,2004,12,44640,30
2005/g12_xrs_1m_20050101_20050131.csv,goes12,2005,1,44640,24
2005/g12_xrs_1m_20050201_20050228.csv,goes12,2005,2,40320,190
2005/g12_xrs_1m_20050301_20050331.csv,goes12,2005,3,44640,2173
2005/g12_xrs_1m_20050401_20050430.csv,goes12,2005,4,43200,720
2005/g12_xrs_1m_20050501_20050531.csv,goes12,2005,5,44640,167
2005/g10_xrs_1m_20050601_20050630.csv,goes10,2005,6,43200,224
2005/g10_xrs_1m_20050701_20050731.csv,goes10,2005,7,44640,107
2005/g12_xrs_1m_20050801_20050831.csv,goes12,2005,8,44640,73
2005/g10_xrs_1m_20050901_20050930.csv,goes10,2005,9,43200,2097
2005/g10_xrs_1m_20051001_20051031.csv,goes10,2005,10,44640,852
2005/g12_xrs_1m_20051101_20051130.csv,goes12,2005,11,43200,30
2005/g12_xrs_1m_20051201_20051231.csv,goes12,2005,12,44640,261
2006/g12_xrs_1m_20060101_20060131.csv,goes12,2006,1,44640,48
2006/g10_xrs_1m_20060201_20060228.csv,goes10,2006,2,40320,288
2006/g12_xrs_1m_20060301_20060331.csv,goes12,2006,3,44640,2169
2006/g10_xrs_1m_20060401_20060430.csv,goes10,2006,4,43200,635
2006/g10_xrs_1m_20060501_20060531.csv,goes10,2006,5,44640,27
2006/g12_xrs_1m_20060601_20060630.csv,goes12,2006,6,43200,105
2006/g12_xrs_1m_20060701_20060731.csv,goes12,2006,7,44640,24
2006/g11_xrs_1m_20060801_20060831.csv,goes11,2006,8,44640,149
2006/g12_xrs_1m_20060901_20060930.csv,goes12,2006,9,43200,2064
2006/g11_xrs_1m_20061001_20061031.csv,goes11,2006,10,44640,1055
2006/g11_xrs_1m_20061101_20061130.csv,goes11,2006,11,43200,116
2006/g11_xrs_1m_20061201_20061231.csv,goes11,2006,12,44640,144
2007/g12_xrs_1m_20070101_20070131.csv,goes12,2007,1,44640,113
2007/g12_xrs_1m_20070201_20070228.csv,goes12,2007,2,40320,174
2007/g12_xrs_1m_20070301_20070331.csv,goes12,2007,3,44640,2178
2007/g10_xrs_1m_20070401_20070430.csv,goes10,2007,4,43200,581
2007/g11_xrs_1m_20070501_20070531.csv,goes11,2007,5,44640,531
2007/g10_xrs_1m_20070601_20070630.csv,goes10,2007,6,43200,146
2007/g11_xrs_1m_20070701_20070731.csv,goes11,2007,7,44640,29
2007/g11_xrs_1m_20070801_20070831.csv,goes11,2007,8,44640,135
2007/g11_xrs_1m_20070901_20070930.csv,goes11,2007,9,43200,2009
2007/g10_xrs_1m_20071001_20071031.csv,goes10,2007,10,44640,623
2007/g11_xrs_1m_20071101_20071130.csv,goes11,2007,11,43200,60
2007/g11_xrs_1m_20071201_20071231.csv,goes11,2007,12,44640,149
2008/g11_xrs_1m_20080101_20080131.csv,goes11,2008,1,44640,118
2008/g10_xrs_1m_20080201_20080229.csv,goes10,2008,2,41760,14426
2008/g10_xrs_1m_20080301_20080331.csv,goes10,2008,3,44640,2432
2008/g10_xrs_1m_20080401_20080430.csv,goes10,2008,4,43200,312
2008/g10_xrs_1m_20080501_20080531.csv,goes10,2008,5,44640,206
2008/g10_xrs_1m_20080601_20080630.csv,goes10,2008,6,43200,561
2008/g10_xrs_1m_20080701_20080731.csv,goes10,2008,7,44640,28
2008/g10_xrs_1m_20080801_20080831.csv,goes10,2008,8,44640,705
2008/g10_xrs_1m_20080901_20080930.csv,goes10,2008,9,43200,2205
2008/g10_xrs_1m_20081001_20081031.csv,goes10,2008,10,44640,476
2008/g10_xrs_1m_20081101_20081130.csv,goes10,2008,11,43200,101
2008/g10_xrs_1m_20081201_20081231.csv,goes10,2008,12,44640,891
2009/g10_xrs_1m_20090101_20090131.csv,goes10,2009,1,44640,159
2009/g10_xrs_1m_20090201_20090228.csv,goes10,2009,2,40320,632
2009/g10_xrs_1m_20090301_20090331.csv,goes10,2009,3,44640,2223
2009/g10_xrs_1m_20090401_20090430.csv,goes10,2009,4,43200,651
2009/g10_xrs_1m_20090501_20090531.csv,goes10,2009,5,44640,23
2009/g10_xrs_1m_20090601_20090630.csv,goes10,2009,6,43200,326
2009/g10_xrs_1m_20090701_20090731.csv,goes10,2009,7,44640,24
2009/g10_xrs_1m_20090801_20090831.csv,goes10,2009,8,44640,2127
2009/g14_xrs_1m_20090901_20090930.csv,goes14,2009,9,43200,2177
2009/g10_xrs_1m_20091001_20091031.csv,goes10,2009,10,44640,685
2009/g10_xrs_1m_20091101_20091130.csv,goes10,2009,11,43200,163
2009/g10_xrs_1m_20091201_20091231.csv,goes10,2009,12,44640,44303
2010/g14_xrs_1m_20100101_20100131.csv,goes14,2010,1,44640,117
2010/g14_xrs_1m_20100201_20100228.csv,goes14,2010,2,40320,79
2010/g14_xrs_1m_20100301_20100331.csv,goes14,2010,3,44640,241
2010/g14_xrs_1m_20100401_20100430.csv,goes14,2010,4,43200,96
2010/g14_xrs_1m_20100501_20100531.csv,goes14,2010,5,44640,102
2010/g14_xrs_1m_20100601_20100630.csv,goes14,2010,6,43200,7
2010/g14_xrs_1m_20100701_20100731.csv,goes14,2010,7,44640,448
2010/g14_xrs_1m_20100801_20100831.csv,goes14,2010,8,44640,93
2010/g14_xrs_1m_20100901_20100930.csv,goes14,2010,9,43200,2011
2010/g15_xrs_1m_20101001_20101031.csv,goes15,2010,10,44640,883
2010/g15_xrs_1m_20101101_20101130.csv,goes15,2010,11,43200,53
2010/g15_xrs_1m_20101201_20101231.csv,goes15,2010,12,44640,136
2011/g15_xrs_1m_20110101_20110131.csv,goes15,2011,1,44640,45
2011/g15_xrs_1m_20110201_20110228.csv,goes15,2011,2,40320,257
2011/g15_xrs_1m_20110301_20110331.csv,goes15,2011,3,44640,571
2011/g15_xrs_1m_20110401_20110430.csv,goes15,2011,4,43200,468
2011/g15_xrs_1m_20110501_20110531.csv,goes15,2011,5,44640,64
2011/g15_xrs_1m_20110601_20110630.csv,goes15,2011,6,43200,94
2011/g15_xrs_1m_20110701_20110731.csv,goes15,2011,7,44640,57
2011/g15_xrs_1m_20110801_20110831.csv,goes15,2011,8,44640,131
2011/g15_xrs_1m_20110901_20110930.csv,goes15,2011,9,43200,1940
2011/g15_xrs_1m_20111001_20111031.csv,goes15,2011,10,44640,1061
2011/g15_xrs_1m_20111101_20111130.csv,goes15,2011,11,43200,36
2011/g15_xrs_1m_20111201_20111231.csv,goes15,2011,12,44640,78
2012/g15_xrs_1m_20120101_20120131.csv,goes15,2012,1,44640,51
2012/g15_xrs_1m_20120201_20120229.csv,goes15,2012,2,41760,258
2012/g15_xrs_1m_20120301_20120331.csv,goes15,2012,3,43200,3236
2012/g15_xrs_1m_20120401_20120430.csv,goes15,2012,4,43200,567
2012/g15_xrs_1m_20120501_20120531.csv,goes15,2012,5,44640,75
2012/g15_xrs_1m_20120601_20120630.csv,goes15,2012,6,43200,44
2012/g15_xrs_1m_20120701_20120731.csv,goes15,2012,7,44640,43
2012/g15_xrs_1m_20120801_20120831.csv,goes15,2012,8,44640,160
2012/g15_xrs_1m_20120901_20120930.csv,goes15,2012,9,43200,1961
2012/g14_xrs_1m_20121001_20121031.csv,goes14,2012,10,44640,1129
2012/g15_xrs_1m_20121101_20121130.csv,goes15,2012,11,43200,18316
2012/g15_xrs_1m_20121201_20121231.csv,goes15,2012,12,44640,44
2013/g15_xrs_1m_20130101_20130131.csv,goes15,2013,1,44640,56
2013/g15_xrs_1m_20130201_20130228.csv,goes15,2013,2,40320,321
2013/g15_xrs_1m_20130301_20130331.csv,goes15,2013,3,44640,2281
2013/g15_xrs_1m_20130401_20130430.csv,goes15,2013,4,43200,650
2013/g15_xrs_1m_20130501_20130531.csv,goes15,2013,5,44640,218
2013/g15_xrs_1m_20130601_20130630.csv,goes15,2013,6,43200,34
2013/g15_xrs_1m_20130701_20130731.csv,goes15,2013,7,44640,43
2013/g15_xrs_1m_20130801_20130831.csv,goes15,2013,8,44640,139
2013/g15_xrs_1m_20130901_20130930.csv,goes15,2013,9,43200,1983
2013/g15_xrs_1m_20131001_20131031.csv,goes15,2013,10,44640,1024
2013/g15_xrs_1m_20131101_20131130.csv,goes15,2013,11,43200,57
2013/g15_xrs_1m_20131201_20131231.csv,goes15,2013,12,44640,47
2014/g15_xrs_1m_20140101_20140131.csv,goes15,2014,1,44640,1004
2014/g15_xrs_1m_20140201_20140228.csv,goes15,2014,2,40320,369
2014/g15_xrs_1m_20140301_20140331.csv,goes15,2014,3,44640,2280
2014/g15_xrs_1m_20140401_20140430.csv,goes15,2014,4,43200,778
2014/g15_xrs_1m_20140501_20140531.csv,goes15,2014,5,44640,315
2014/g15_xrs_1m_20140601_20140630.csv,goes15,2014,6,43200,49
2014/g15_xrs_1m_20140701_20140731.csv,goes15,2014,7,44640,347
2014/g15_xrs_1m_20140801_20140831.csv,goes15,2014,8,44640,147
2014/g15_xrs_1m_20140901_20140930.csv,goes15,2014,9,43200,1961
2014/g15_xrs_1m_20141001_20141031.csv,goes15,2014,10,44640,1015
2014/g15_xrs_1m_20141101_20141130.csv,goes15,2014,11,43200,82
2014/g15_xrs_1m_20141201_20141231.csv,goes15,2014,12,44640,842
2015/g15_xrs_1m_20150101_20150131.csv,goes15,2015,1,44640,140
2015/g15_xrs_1m_20150201_20150228.csv,goes15,2015,2,40320,897
2015/g15_xrs_1m_20150301_20150331.csv,goes15,2015,3,44640,3142
2015/g15_xrs_1m_20150401_20150430.csv,goes15,2015,4,43200,1172
2015/g15_xrs_1m_20150501_20150531.csv,goes15,2015,5,44640,13665
2015/g13_xrs_1m_20150601_20150630.csv,goes13,2015,6,43200,633
2015/g15_xrs_1m_20150701_20150731.csv,goes15,2015,7,44640,355
2015/g13_xrs_1m_20150801_20150831.csv,goes13,2015,8,44640,50
2015/g15_xrs_1m_20150901_20150930.csv,goes15,2015,9,43200,2070
2015/g13_xrs_1m_20151001_20151031.csv,goes13,2015,10,44640,933
2015/g15_xrs_1m_20151101_20151130.csv,goes15,2015,11,43200,100
2015/g13_xrs_1m_20151201_20151231.csv,goes13,2015,12,44640,161
2016/g15_xrs_1m_20160101_20160131.csv,goes15,2016,1,44640,149
2016/g15_xrs_1m_20160201_20160229.csv,goes15,2016,2,41760,160
2016/g15_xrs_1m_20160301_20160331.csv,goes15,2016,3,43200,2611
2016/g15_xrs_1m_20160401_20160430.csv,goes15,2016,4,43200,585
2016/g14_xrs_1m_20160501_20160531.csv,goes14,2016,5,44640,209
2016/g15_xrs_1m_20160601_20160630.csv,goes15,2016,6,43200,73
2016/g15_xrs_1m_20160701_20160731.csv,goes15,2016,7,44640,48
2016/g13_xrs_1m_20160801_20160831.csv,goes13,2016,8,44640,87
2016/g13_xrs_1m_20160901_20160930.csv,goes13,2016,9,43200,2006
2016/g13_xrs_1m_20161001_20161031.csv,goes13,2016,10,44640,883
2016/g15_xrs_1m_20161101_20161130.csv,goes15,2016,11,43200,36
2016/g15_xrs_1m_20161201_20161231.csv,goes15,2016,12,44640,46
2017/g13_xrs_1m_20170101_20170131.csv,goes13,2017,1,44640,65
2017/g13_xrs_1m_20170201_20170228.csv,goes13,2017,2,40320,185
2017/2017-03.csv,goes16,2017,3,44640,0
2017/2017-04.csv,goes16,2017,4,43200,0
2017/2017-05.csv,goes16,2017,5,44640,0
2017/2017-06.csv,goes16,2017,6,43200,0
2017/2017-07.csv,goes16,2017,7,44640,0
2017/2017-08.csv,goes16,2017,8,44640,0
2017/2017-09.csv,goes16,2017,9,43200,0
2017/2017-10.csv,goes16,2017,10,44640,0
2017/2017-11.csv,goes16,2017,11,43200,0
2017/2017-12.csv,goes16,2017,12,44640,0
2018/2018-01.csv,goes16,2018,1,44640,0
2018/2018-02.csv,goes16,2018,2,40320,0
2018/2018-03.csv,goes16,2018,3,44640,0
2018/2018-04.csv,goes16,2018,4,43200,0
2018/2018-05.csv,goes16,2018,5,44640,0
2018/2018-06.csv,goes16,2018,6,43200,0
2018/2018-07.csv,goes16,2018,7,44640,0
2018/2018-08.csv,goes16,2018,8,44640,0
2018/2018-09.csv,goes16,2018,9,43200,0
2018/2018-10.csv,goes16,2018,10,44640,0
2018/2018-11.csv,goes16,2018,11,43200,0
2018/2018-12.csv,goes16,2018,12,44640,0
2019/2019-01.csv,goes16,2019,1,44640,0
2019/2019-02.csv,goes16,2019,2,40320,0
2019/2019-03.csv,goes16,2019,3,44640,0
2019/2019-04.csv,goes16,2019,4,43200,0
2019/2019-05.csv,goes16,2019,5,44640,0
2019/2019-06.csv,goes16,2019,6,43200,0
2019/2019-07.csv,goes16,2019,7,44640,0
2019/2019-08.csv,goes16,2019,8,44640,0
2019/2019-09.csv,goes16,2019,9,43200,0
2019/2019-10.csv,goes16,2019,10,44640,0
2019/2019-11.csv,goes16,2019,11,43200,0
2019/2019-12.csv,goes16,2019,12,44640,0
2020/2020-01.csv,goes16,2020,1,44640,0
2020/2020-02.csv,goes16,2020,2,41760,0
2020/2020-03.csv,goes16,2020,3,44640,0
2020/2020-04.csv,goes16,2020,4,43200,0
2020/2020-05.csv,goes16,2020,5,44640,0
2020/2020-06.csv,goes16,2020,6,43200,0
2020/2020-07.csv,goes16,2020,7,44640,0
2020/2020-08.csv,goes16,2020,8,44640,0
2020/2020-09.csv,goes16,2020,9,43200,0
2020/2020-10.csv,goes16,2020,10,44640,0
2020/2020-11.csv,goes16,2020,11,43200,0
2020/2020-12.csv,goes16,2020,12,44640,0
2021/2021-01.csv,goes16,2021,1,44640,0
2021/2021-02.csv,goes16,2021,2,40320,0
2021/2021-03.csv,goes16,2021,3,44640,0
2021/2021-04.csv,goes16,2021,4,43200,0
2021/2021-05.csv,goes16,2021,5,44640,0
2021/2021-06.csv,goes16,2021,6,43200,0
2021/2021-07.csv,goes16,2021,7,44640,0
2021/2021-08.csv,goes16,2021,8,44640,0
2021/2021-09.csv,goes16,2021,9,43200,0
2021/2021-10.csv,goes16,2021,10,44640,0
2021/2021-11.csv,goes16,2021,11,43200,0
2021/2021-12.csv,goes16,2021,12,44640,0
2022/2022-01.csv,goes16,2022,1,44640,0
2022/2022-02.csv,goes16,2022,2,40320,0
2022/2022-03.csv,goes16,2022,3,44640,0
2022/2022-04.csv,goes16,2022,4,43200,0
2022/2022-05.csv,goes16,2022,5,44640,0
2022/2022-06.csv,goes16,2022,6,43200,0
2022/2022-07.csv,goes16,2022,7,44640,0
2022/2022-08.csv,goes16,2022,8,44640,0
2022/2022-09.csv,goes16,2022,9,43200,0
2022/2022-10.csv,goes16,2022,10,44640,0
2022/2022-11.csv,goes16,2022,11,43200,0
2022/2022-12.csv,goes16,2022,12,44640,0
2023/2023-01.csv,goes16,2023,1,44640,0
2023/2023-02.csv,goes16,2023,2,40320,0
2023/2023-03.csv,goes16,2023,3,44640,0
2023/2023-04.csv,goes16,2023,4,43200,0
2023/2023-05.csv,goes16,2023,5,44640,0
2023/2023-06.csv,goes16,2023,6,43200,0
2023/2023-07.csv,goes16,2023,7,44640,0
2023/2023-08.csv,goes16,2023,8,44640,0
2023/2023-09.csv,goes16,2023,9,43200,0
2023/2023-10.csv,goes16,2023,10,44640,0
2023/2023-11.csv,goes16,2023,11,43200,0
2023/2023-12.csv,goes16,2023,12,44640,0
